date,artist
2025-07-08,Tally
2025-07-08,Tally
2025-07-08,Tally
2025-07-08,Tally
2025-07-08,Tally
2025-07-08,Tally
2025-07-08,Tally
2025-07-08,Tally
2025-07-08,Tally
2025-07-08,Tally
2025-07-08,Tally
2025-07-08,Tally
2025-07-08,Tally
2025-07-08,Tally
2025-07-08,Tally
2025-07-08,Tally
2025-07-08,Tally
2025-07-08,Tally
2025-07-08,Tally
2025-07-08,Tally
2025-07-11,Tally
2025-07-11,Tally
2025-07-13,Tally
2025-07-13,Tally
2025-07-14,Tally
2025-07-14,Tally
2025-07-14,Tally
2025-07-14,Tally
2025-07-14,Tally
2025-07-14,Tally
2025-07-14,Alex
2025-07-14,Alex
2025-07-14,Tally
2025-07-14,Alex
2025-07-14,Alex
2025-07-14,Alex
2025-07-14,Alex
2025-07-14,Alex
2025-07-14,Alex
2025-07-14,Alex
2025-07-14,Alex
2025-07-16,Alex
2025-07-16,Alex
2025-07-16,Alex
2025-07-16,Alex
2025-07-17,Tally
2025-07-21,Tally
2025-07-21,Tally
2025-07-21,Alex
